S.no,queries,manual_response,context,gemma_response,deepseek_response,llama_response,mistral_response,gpt_response
11,What is the total discretionary funding requested for HUD in the 2023 Budget?,"The Budget requests $71.9 billion in discretionary funding for HUD, a $12.3 billion or 21-percent increase from the 2021 enacted level.","[Document(id='c2857b51-9da3-4a08-9fb9-5f284759eee3', metadata={'creationdate': '2023-03-09T10:21:43-05:00', 'creator': 'Adobe InDesign 18.1 (Windows)', 'moddate': '2023-03-09T14:53:41-05:00', 'page': 88.0, 'page_label': '84', 'producer': 'Adobe PDF Library 17.0', 'source': './Documents/BUDGET-2024-BUD.pdf', 'total_pages': 184.0, 'trapped': '/False'}, page_content='helps State and local communities, Tribes, and Territories build climate resilience through \nvarious FeMA grant programs.  The Budget also includes more than $500 million for flood \nhazard mapping, including the development of new data to support future flood conditions.  \nIn addition, the Budget includes $236 million to support the Administration’s 2022 National \nBiodefense Strategy and Implementation Plan for Countering Biological Threats, Enhancing \nPandemic Preparedness, and Achieving Global Health Security across a broad range of activi-\nties associated with response, critical infrastructure, and domestic surveillance.\n• Modernizes TSA Pay and Workforce Policies.  The TSA workforce deserves to be fairly \ncompensated at rates comparable with their peers in the Federal workforce.  The Budget in -\ncludes $1.1 billion above the 2023 enacted level to fully fund the TSA pay equity initiative.  \nenhancements to TSA pay support the President’s commitment to fostering diversity, equity,'), Document(id='5868dedd-8a06-4bd8-bbc1-9a28eae0c53e', metadata={'author': 'Office of Management and Budget', 'creationdate': '2024-03-08T13:56:53-05:00', 'creator': 'Adobe InDesign 19.2 (Windows)', 'moddate': '2024-03-08T15:26:48-05:00', 'page': 91.0, 'page_label': '88', 'producer': 'Adobe PDF Library 17.0', 'source': './Documents/budget_fy2025.pdf', 'subject': '', 'title': 'Budget of the United States Government, Fiscal Year 2025', 'total_pages': 188.0, 'trapped': '/False'}, page_content='88 DePARTMeNT OF HOMeLAND SeCURITY\n• Modernizes TSA Pay and Workforce Policies.  The TSA workforce deserves to be fair -\nly compensated at rates comparable with their peers in the Federal workforce.  The Budget \nincludes an additional $1.5 billion to fully fund the TSA pay equity initiative.  Since imple -\nmenting pay parity in July 2023, TSA has already seen an 11-percent reduction in attrition, \nand is making gains in retaining what has historically been a workforce with high turnover.'), Document(id='6c5ad135-c29b-4e3f-a6bf-d162f4e42fa3', metadata={'author': 'Office of Management and Budget', 'creationdate': '2022-03-25T18:00:07-04:00', 'creator': 'Adobe InDesign 17.1 (Windows)', 'moddate': '2022-03-28T10:10:20-04:00', 'page': 75.0, 'page_label': '72', 'producer': 'Adobe PDF Library 16.0.5', 'source': './Documents/BUDGET-2023-BUD.pdf', 'subject': 'Budget of the United States Government, Fiscal Year 2023', 'title': 'Budget of the United States Government, Fiscal Year 2023', 'total_pages': 156.0, 'trapped': '/False'}, page_content='to their peers in the Federal workforce.  By establishing salary parity with other Federal em-\nployees, the Budget addresses retention issues faced by the Transportation Security Officer \nworkforce, improving service delivery.  The Budget also supports expanding TSA workforce \naccess to labor benefits such as collective bargaining and merit systems protection.  These en-\nhancements support the President’s commitment to fostering diversity, equity, and inclusion \nin the Federal workforce.\n• Ensures a Safe, Humane, and Efficient Immigration System.   The Administration is \ncommitted to ensuring the U.S. Citizenship and Immigration Services (USCIS) meets its mis-\nsion administering the Nation’s lawful immigration system and safeguarding its integrity and \npromise by efficiently and fairly adjudicating requests for immigration benefits.  The Budget \nprovides $765 million in discretionary funding for USCIS to:  efficiently process increasing'), Document(id='be639102-8ed7-4382-81ba-d443add88761', metadata={'author': 'Office of Management and Budget', 'creationdate': '2022-03-25T18:00:07-04:00', 'creator': 'Adobe InDesign 17.1 (Windows)', 'moddate': '2022-03-28T10:10:20-04:00', 'page': 75.0, 'page_label': '72', 'producer': 'Adobe PDF Library 16.0.5', 'source': './Documents/BUDGET-2023-BUD.pdf', 'subject': 'Budget of the United States Government, Fiscal Year 2023', 'title': 'Budget of the United States Government, Fiscal Year 2023', 'total_pages': 156.0, 'trapped': '/False'}, page_content='in research and development infrastructure, providing $89 million to improve and modernize \nlaboratories in the DHS Science and Technology Directorate (S&T).  This funding would allow \nS&T to replace and enhance mission-critical equipment, make necessary information technol-\nogy improvements, and allow DHS to construct the Detection Sciences Testing and Applied \nResearch Center, which would enable DHS to more efficiently and effectively test and evaluate \nthreat screening devices and counter homemade explosives to further secure transportation \nsystems and other public venues.\n• Modernizes Transportation Security Administration (TSA) Pay and Workforce \nPolicies.  The Budget provides a total of $7.1 billion for TSA pay and benefits, an increase of \n$1.6 billion from the 2021 enacted level, to compensate TSA employees at rates comparable \nto their peers in the Federal workforce.  By establishing salary parity with other Federal em-')]","The context does not provide information about the total discretionary funding requested for HUD in the 2023 Budget, so I cannot answer this question from the provided context.","<think>
Okay, so I need to figure out the total discretionary funding requested for HUD in the 2023 Budget based on the provided context. Let me go through each document one by one and see if any mention HUD specifically.

First, looking at Document id 'c2857b51-9da3-4a08-9fb9-5f284759eee3', it's about Adobe InDesign 18.1. The page content talks about flood hazard mapping and mentions $500 million for flood response, but I don't see any mention of HUD here.

Next, Document id '5868dedd-8a06-4bd8-bbc1-9a28eae0c53e' is Adobe InDesign 19.2. It also discusses flood hazard mapping and mentions $236 million for critical infrastructure response but again, no mention of HUD.

Then, Document id '6c5ad135-c29b-4e3f-a6bf-d162f4e42fa3' is about Adobe PDF Library 17.0 and the Budget of the U.S. Government for FY2025. It mentions $88 DePARTMeNT OF HOMeLAND SeCURITY, which includes modernizing TSA pay equity. I don't see HUD here either.

Document id 'be639102-8ed7-4382-81ba-d443add88761' is also about the U.S. Government Budget for FY2023, discussing immigration and TSA pay equity again. No mention of HUD here either.

So, after reviewing all four documents, none of them specifically mention the total discretionary funding requested for HUD in the 2023 Budget. The context provided seems to focus more on other government agencies like Adobe InDesign and PDF Library, as well as federal agencies dealing with transportation security and immigration.
</think>

Based on the review of the provided context, there is no explicit mention of the total discretionary funding requested for HUD (which likely stands for the U.S. Department of Health and Human Services) in the 2023 Budget. The documents discussed include Adobe InDesign and PDF Library agencies, as well as federal agencies dealing with transportation security and immigration. Therefore, the information provided does not include any specific funding details for HUD in this context.

**Answer:** There is no explicit mention of the total discretionary funding requested for HUD in the 2023 Budget within the provided context.","No relevant information was found regarding the user's question about HUD funding in the provided context. The documents appear to discuss various budget initiatives, including TSA pay and workforce policies, immigration system improvements, and research and development infrastructure for DHS Science and Technology Directorate (S&T). However, no specific details on HUD funding are mentioned.

If you could rephrase or modify your question to include more relevant information from the provided context, I would be happy to try and assist further."," I'm sorry for any confusion, but it appears that the provided context does not contain information about the U.S. Department of Housing and Urban Development (HUD) or its budget for Fiscal Year 2023. The documents provided focus on various aspects of the U.S. Budget, including flood hazard mapping, biodefense strategy, Transportation Security Administration pay equity, immigration system, and research and development infrastructure within the Department of Homeland Security (DHS). If you have a question about HUD's budget for another fiscal year or any other specific details, I would recommend checking the official U.S. government budget documents or websites for more accurate information.","Based on the provided documents, there is no specific mention of the total discretionary funding requested for the Department of Housing and Urban Development (HUD) in the 2023 Budget. If you need information on HUD funding, I recommend checking official HUD budget documents or contacting the Department directly for detailed information on their discretionary funding requests for that fiscal year."
12,"What amount is provided for the HOME Investment Partnerships Program, and why is it significant in the 2023 Budget?","The Budget provides nearly $2 billion for the HOME Investment Partnerships Program (HOME), an increase of $600 million over the 2021 enacted level... If enacted, this would be the highest funding level for HOME in nearly 15 years.","[Document(id='c2857b51-9da3-4a08-9fb9-5f284759eee3', metadata={'creationdate': '2023-03-09T10:21:43-05:00', 'creator': 'Adobe InDesign 18.1 (Windows)', 'moddate': '2023-03-09T14:53:41-05:00', 'page': 88.0, 'page_label': '84', 'producer': 'Adobe PDF Library 17.0', 'source': './Documents/BUDGET-2024-BUD.pdf', 'total_pages': 184.0, 'trapped': '/False'}, page_content='helps State and local communities, Tribes, and Territories build climate resilience through \nvarious FeMA grant programs.  The Budget also includes more than $500 million for flood \nhazard mapping, including the development of new data to support future flood conditions.  \nIn addition, the Budget includes $236 million to support the Administration’s 2022 National \nBiodefense Strategy and Implementation Plan for Countering Biological Threats, Enhancing \nPandemic Preparedness, and Achieving Global Health Security across a broad range of activi-\nties associated with response, critical infrastructure, and domestic surveillance.\n• Modernizes TSA Pay and Workforce Policies.  The TSA workforce deserves to be fairly \ncompensated at rates comparable with their peers in the Federal workforce.  The Budget in -\ncludes $1.1 billion above the 2023 enacted level to fully fund the TSA pay equity initiative.  \nenhancements to TSA pay support the President’s commitment to fostering diversity, equity,'), Document(id='5868dedd-8a06-4bd8-bbc1-9a28eae0c53e', metadata={'author': 'Office of Management and Budget', 'creationdate': '2024-03-08T13:56:53-05:00', 'creator': 'Adobe InDesign 19.2 (Windows)', 'moddate': '2024-03-08T15:26:48-05:00', 'page': 91.0, 'page_label': '88', 'producer': 'Adobe PDF Library 17.0', 'source': './Documents/budget_fy2025.pdf', 'subject': '', 'title': 'Budget of the United States Government, Fiscal Year 2025', 'total_pages': 188.0, 'trapped': '/False'}, page_content='88 DePARTMeNT OF HOMeLAND SeCURITY\n• Modernizes TSA Pay and Workforce Policies.  The TSA workforce deserves to be fair -\nly compensated at rates comparable with their peers in the Federal workforce.  The Budget \nincludes an additional $1.5 billion to fully fund the TSA pay equity initiative.  Since imple -\nmenting pay parity in July 2023, TSA has already seen an 11-percent reduction in attrition, \nand is making gains in retaining what has historically been a workforce with high turnover.'), Document(id='6c5ad135-c29b-4e3f-a6bf-d162f4e42fa3', metadata={'author': 'Office of Management and Budget', 'creationdate': '2022-03-25T18:00:07-04:00', 'creator': 'Adobe InDesign 17.1 (Windows)', 'moddate': '2022-03-28T10:10:20-04:00', 'page': 75.0, 'page_label': '72', 'producer': 'Adobe PDF Library 16.0.5', 'source': './Documents/BUDGET-2023-BUD.pdf', 'subject': 'Budget of the United States Government, Fiscal Year 2023', 'title': 'Budget of the United States Government, Fiscal Year 2023', 'total_pages': 156.0, 'trapped': '/False'}, page_content='to their peers in the Federal workforce.  By establishing salary parity with other Federal em-\nployees, the Budget addresses retention issues faced by the Transportation Security Officer \nworkforce, improving service delivery.  The Budget also supports expanding TSA workforce \naccess to labor benefits such as collective bargaining and merit systems protection.  These en-\nhancements support the President’s commitment to fostering diversity, equity, and inclusion \nin the Federal workforce.\n• Ensures a Safe, Humane, and Efficient Immigration System.   The Administration is \ncommitted to ensuring the U.S. Citizenship and Immigration Services (USCIS) meets its mis-\nsion administering the Nation’s lawful immigration system and safeguarding its integrity and \npromise by efficiently and fairly adjudicating requests for immigration benefits.  The Budget \nprovides $765 million in discretionary funding for USCIS to:  efficiently process increasing'), Document(id='be639102-8ed7-4382-81ba-d443add88761', metadata={'author': 'Office of Management and Budget', 'creationdate': '2022-03-25T18:00:07-04:00', 'creator': 'Adobe InDesign 17.1 (Windows)', 'moddate': '2022-03-28T10:10:20-04:00', 'page': 75.0, 'page_label': '72', 'producer': 'Adobe PDF Library 16.0.5', 'source': './Documents/BUDGET-2023-BUD.pdf', 'subject': 'Budget of the United States Government, Fiscal Year 2023', 'title': 'Budget of the United States Government, Fiscal Year 2023', 'total_pages': 156.0, 'trapped': '/False'}, page_content='in research and development infrastructure, providing $89 million to improve and modernize \nlaboratories in the DHS Science and Technology Directorate (S&T).  This funding would allow \nS&T to replace and enhance mission-critical equipment, make necessary information technol-\nogy improvements, and allow DHS to construct the Detection Sciences Testing and Applied \nResearch Center, which would enable DHS to more efficiently and effectively test and evaluate \nthreat screening devices and counter homemade explosives to further secure transportation \nsystems and other public venues.\n• Modernizes Transportation Security Administration (TSA) Pay and Workforce \nPolicies.  The Budget provides a total of $7.1 billion for TSA pay and benefits, an increase of \n$1.6 billion from the 2021 enacted level, to compensate TSA employees at rates comparable \nto their peers in the Federal workforce.  By establishing salary parity with other Federal em-')]","The context does not provide information about the HOME Investment Partnerships Program, so I cannot answer this question from the provided context.","<think>
Okay, so I need to figure out what amount HOME Investment Partnerships Program gets in the 2023 Budget. Let me start by looking through the context provided.

First, I see that there are several documents listed with different IDs and metadata. Each document seems to be a part of the U.S. Government's budget for different fiscal years. The user is asking about the HOME Investment Partnerships Program specifically in 2023.

Looking at the documents:

1. Document id 'c2857b51-9da3-4a08-9fb9-5f284759eee3' has a page content that mentions $6,000 for flood hazard mapping in 2023. But that's not the HOME program.

2. Document id '5868dedd-8a06-4bd8-bbc1-9a28eae0c53e' is about the Budget of the U.S. Government, Fiscal Year 2025. It mentions $765 million for TSA workforce access to labor benefits but not HOME.

3. Document id '6c5ad135-c29b-4e3f-a6bf-d162f4e42fa3' is about the Budget of the U.S. Government, Fiscal Year 2023. It says $765 million for TSA benefits but again, not HOME.

4. Document id 'be639102-8ed7-4382-81ba-d443add88761' is about the Budget of the U.S. Government, Fiscal Year 2023. It mentions $89 million for R&D infrastructure in DHS. Not HOME.

5. Document id 'be639102-8ed7-4382-81ba-d443add88761' also has a part about modernizing TSA pay and benefits, which is similar to what I saw before but again not HOME.

Looking through all the documents, none of them mention the HOME Investment Partnerships Program. The closest is the 2023 document that talks about TSA benefits, but it's $765 million there as well. So maybe HOME isn't part of this particular set of documents provided.

Wait, perhaps I missed something. Let me check again. All the documents are from different fiscal years and focus on various government programs like TSA pay, R&D infrastructure, etc., but none mention HOME Investment Partnerships specifically in 2023. So it's possible that HOME isn't included here or maybe it's not part of this particular set.

Alternatively, perhaps there was a document I didn't look at yet. Let me check the list again:

- c2857b51-9da3-4a08-9fb9-5f284759eee3: 6k for flood hazard mapping
- 5868dedd-8a06-4bd8-bbc1-9a28eae0c53e: 2025 Budget, $765 million TSA benefits
- 6c5ad135-c29b-4e3f-a6bf-d162f4e42fa3: 2023 Budget, $89 million R&D infrastructure in DHS
- be639102-8ed7-4382-81ba-d443add88761: same as above

So none of these mention HOME. Maybe the user is referring to a different set or there's an error. Alternatively, perhaps I'm missing something in the context provided.

Wait, looking back at the first document, it says $6k for flood hazard mapping in 2023. But that's not HOME. So maybe HOME isn't part of this particular budget set. Therefore, the amount for HOME Investment Partnerships Program in 2023 is not provided here.
</think>

The amount provided for the HOME Investment Partnerships Program in the 2023 Budget is **not listed** in the provided context. The documents available focus on other government programs such as TSA pay and benefits, R&D infrastructure, and flood hazard mapping. Therefore, HOME Investment Partnerships Program's funding details are not included here.

Answer: The amount for HOME Investment Partnerships Program in 2023 is not provided in the given context.","No relevant information was found regarding the HOME Investment Partnerships Program in the provided context. The context discusses various budget allocations, including FeMA grant programs, flood hazard mapping, biodefense strategy, TSA pay and workforce policies, and immigration system enhancements, but does not mention the HOME Investment Partnerships Program.

If you could rephrase or provide more context about the HOME Investment Partnerships Program, I would be happy to try and assist you further."," I'm sorry for any confusion, but based on the context provided, there is no information about the HOME Investment Partnerships Program (HOME) in relation to the U.S. budget for Fiscal Year 2023. The documents you've shared discuss various aspects of the budget, including funding for flood hazard mapping, biodefense strategy, Transportation Security Administration pay equity, and immigration system improvements, among others. However, they do not mention the HOME Investment Partnerships Program specifically.

   If you could provide more context or rephrase your question to ask about a different year's budget or a related program, I would be happy to help!","The HOME Investment Partnerships Program is not specifically mentioned in the provided context related to the U.S. budget. If you have any other questions or need information on a different aspect of the budget, feel free to ask!"
13,How much does the 2023 budget invest in climate adaptation and resilience?,"The Budget invests $5 billion in climate adaptation and resilience… to mitigate the impacts of climate change—such as drought, wildfire and severe storms—on America’s communities, lands, waters, and wildlife.","[Document(id='c2857b51-9da3-4a08-9fb9-5f284759eee3', metadata={'creationdate': '2023-03-09T10:21:43-05:00', 'creator': 'Adobe InDesign 18.1 (Windows)', 'moddate': '2023-03-09T14:53:41-05:00', 'page': 88.0, 'page_label': '84', 'producer': 'Adobe PDF Library 17.0', 'source': './Documents/BUDGET-2024-BUD.pdf', 'total_pages': 184.0, 'trapped': '/False'}, page_content='helps State and local communities, Tribes, and Territories build climate resilience through \nvarious FeMA grant programs.  The Budget also includes more than $500 million for flood \nhazard mapping, including the development of new data to support future flood conditions.  \nIn addition, the Budget includes $236 million to support the Administration’s 2022 National \nBiodefense Strategy and Implementation Plan for Countering Biological Threats, Enhancing \nPandemic Preparedness, and Achieving Global Health Security across a broad range of activi-\nties associated with response, critical infrastructure, and domestic surveillance.\n• Modernizes TSA Pay and Workforce Policies.  The TSA workforce deserves to be fairly \ncompensated at rates comparable with their peers in the Federal workforce.  The Budget in -\ncludes $1.1 billion above the 2023 enacted level to fully fund the TSA pay equity initiative.  \nenhancements to TSA pay support the President’s commitment to fostering diversity, equity,'), Document(id='5868dedd-8a06-4bd8-bbc1-9a28eae0c53e', metadata={'author': 'Office of Management and Budget', 'creationdate': '2024-03-08T13:56:53-05:00', 'creator': 'Adobe InDesign 19.2 (Windows)', 'moddate': '2024-03-08T15:26:48-05:00', 'page': 91.0, 'page_label': '88', 'producer': 'Adobe PDF Library 17.0', 'source': './Documents/budget_fy2025.pdf', 'subject': '', 'title': 'Budget of the United States Government, Fiscal Year 2025', 'total_pages': 188.0, 'trapped': '/False'}, page_content='88 DePARTMeNT OF HOMeLAND SeCURITY\n• Modernizes TSA Pay and Workforce Policies.  The TSA workforce deserves to be fair -\nly compensated at rates comparable with their peers in the Federal workforce.  The Budget \nincludes an additional $1.5 billion to fully fund the TSA pay equity initiative.  Since imple -\nmenting pay parity in July 2023, TSA has already seen an 11-percent reduction in attrition, \nand is making gains in retaining what has historically been a workforce with high turnover.'), Document(id='6c5ad135-c29b-4e3f-a6bf-d162f4e42fa3', metadata={'author': 'Office of Management and Budget', 'creationdate': '2022-03-25T18:00:07-04:00', 'creator': 'Adobe InDesign 17.1 (Windows)', 'moddate': '2022-03-28T10:10:20-04:00', 'page': 75.0, 'page_label': '72', 'producer': 'Adobe PDF Library 16.0.5', 'source': './Documents/BUDGET-2023-BUD.pdf', 'subject': 'Budget of the United States Government, Fiscal Year 2023', 'title': 'Budget of the United States Government, Fiscal Year 2023', 'total_pages': 156.0, 'trapped': '/False'}, page_content='to their peers in the Federal workforce.  By establishing salary parity with other Federal em-\nployees, the Budget addresses retention issues faced by the Transportation Security Officer \nworkforce, improving service delivery.  The Budget also supports expanding TSA workforce \naccess to labor benefits such as collective bargaining and merit systems protection.  These en-\nhancements support the President’s commitment to fostering diversity, equity, and inclusion \nin the Federal workforce.\n• Ensures a Safe, Humane, and Efficient Immigration System.   The Administration is \ncommitted to ensuring the U.S. Citizenship and Immigration Services (USCIS) meets its mis-\nsion administering the Nation’s lawful immigration system and safeguarding its integrity and \npromise by efficiently and fairly adjudicating requests for immigration benefits.  The Budget \nprovides $765 million in discretionary funding for USCIS to:  efficiently process increasing'), Document(id='be639102-8ed7-4382-81ba-d443add88761', metadata={'author': 'Office of Management and Budget', 'creationdate': '2022-03-25T18:00:07-04:00', 'creator': 'Adobe InDesign 17.1 (Windows)', 'moddate': '2022-03-28T10:10:20-04:00', 'page': 75.0, 'page_label': '72', 'producer': 'Adobe PDF Library 16.0.5', 'source': './Documents/BUDGET-2023-BUD.pdf', 'subject': 'Budget of the United States Government, Fiscal Year 2023', 'title': 'Budget of the United States Government, Fiscal Year 2023', 'total_pages': 156.0, 'trapped': '/False'}, page_content='in research and development infrastructure, providing $89 million to improve and modernize \nlaboratories in the DHS Science and Technology Directorate (S&T).  This funding would allow \nS&T to replace and enhance mission-critical equipment, make necessary information technol-\nogy improvements, and allow DHS to construct the Detection Sciences Testing and Applied \nResearch Center, which would enable DHS to more efficiently and effectively test and evaluate \nthreat screening devices and counter homemade explosives to further secure transportation \nsystems and other public venues.\n• Modernizes Transportation Security Administration (TSA) Pay and Workforce \nPolicies.  The Budget provides a total of $7.1 billion for TSA pay and benefits, an increase of \n$1.6 billion from the 2021 enacted level, to compensate TSA employees at rates comparable \nto their peers in the Federal workforce.  By establishing salary parity with other Federal em-')]","The context does not provide information about the 2023 budget's investment in climate adaptation and resilience, so I cannot answer this question from the provided context.","<think>
Okay, so I need to figure out how much the 2023 U.S. budget invested in climate adaptation and resilience based on the provided documents. Let me go through each document one by one.

First, looking at Document id 'c2857b51-9da3-4a08-9fb9-5f284759eee3', it's about the 2023 budget and mentions flood hazard mapping. It says $500 million is allocated for this, which seems relevant to climate adaptation.

Next, Document id '5868dedd-8a06-4bd8-bbc1-9a28eae0c53e' talks about the FY2025 budget. It mentions $236 million for critical infrastructure and domestic surveillance, which includes response, etc., but I don't see any specific mention of climate adaptation or resilience in this document.

Then, Document id '6c5ad135-c29b-4e3f-a6bf-d162f4e42fa3' is about the 2023 budget and mentions $89 million for research and development in DHS Science and Technology. That's more on security, not directly climate adaptation.

Lastly, Document id 'be639102-8ed7-4382-81ba-d443add88761' also discusses the 2023 budget but again focuses on transportation security and modernizing pay policies. It doesn't mention climate adaptation or resilience.

So, out of all these documents, only the first one explicitly mentions $500 million investment in flood hazard mapping, which is part of climate adaptation and resilience. The other documents either focus on different areas like critical infrastructure or security but don't highlight climate adaptation specifically.
</think>

The 2023 U.S. budget invested $500 million in climate adaptation and resilience through flood hazard mapping as mentioned in the first document.

**Answer:** The 2023 budget allocated $500 million to climate adaptation and resilience, specifically through flood hazard mapping.","The 2023 budget includes more than $500 million for flood hazard mapping, including the development of new data to support future flood conditions, which is related to climate adaptation and resilience."," The 2023 budget includes more than $500 million for flood hazard mapping, including the development of new data to support future flood conditions. However, it's important to note that this is just one aspect of climate adaptation and resilience. For a comprehensive understanding of the total investment in climate adaptation and resilience in the 2023 budget, you may want to consult the official budget documents or contact the Office of Management and Budget for more detailed information.","The 2023 budget includes more than $500 million for flood hazard mapping to support future flood conditions, which is part of the investment in climate resilience."
14,"How much 2023 Budget is allocated for the wildland firefighting workforce, and what does it ensure?","The Budget includes $477 million, an increase of $130 million over the 2021 enacted level, to ensure that no Federal firefighter will make less than $15 an hour","[Document(id='c2857b51-9da3-4a08-9fb9-5f284759eee3', metadata={'creationdate': '2023-03-09T10:21:43-05:00', 'creator': 'Adobe InDesign 18.1 (Windows)', 'moddate': '2023-03-09T14:53:41-05:00', 'page': 88.0, 'page_label': '84', 'producer': 'Adobe PDF Library 17.0', 'source': './Documents/BUDGET-2024-BUD.pdf', 'total_pages': 184.0, 'trapped': '/False'}, page_content='helps State and local communities, Tribes, and Territories build climate resilience through \nvarious FeMA grant programs.  The Budget also includes more than $500 million for flood \nhazard mapping, including the development of new data to support future flood conditions.  \nIn addition, the Budget includes $236 million to support the Administration’s 2022 National \nBiodefense Strategy and Implementation Plan for Countering Biological Threats, Enhancing \nPandemic Preparedness, and Achieving Global Health Security across a broad range of activi-\nties associated with response, critical infrastructure, and domestic surveillance.\n• Modernizes TSA Pay and Workforce Policies.  The TSA workforce deserves to be fairly \ncompensated at rates comparable with their peers in the Federal workforce.  The Budget in -\ncludes $1.1 billion above the 2023 enacted level to fully fund the TSA pay equity initiative.  \nenhancements to TSA pay support the President’s commitment to fostering diversity, equity,'), Document(id='5868dedd-8a06-4bd8-bbc1-9a28eae0c53e', metadata={'author': 'Office of Management and Budget', 'creationdate': '2024-03-08T13:56:53-05:00', 'creator': 'Adobe InDesign 19.2 (Windows)', 'moddate': '2024-03-08T15:26:48-05:00', 'page': 91.0, 'page_label': '88', 'producer': 'Adobe PDF Library 17.0', 'source': './Documents/budget_fy2025.pdf', 'subject': '', 'title': 'Budget of the United States Government, Fiscal Year 2025', 'total_pages': 188.0, 'trapped': '/False'}, page_content='88 DePARTMeNT OF HOMeLAND SeCURITY\n• Modernizes TSA Pay and Workforce Policies.  The TSA workforce deserves to be fair -\nly compensated at rates comparable with their peers in the Federal workforce.  The Budget \nincludes an additional $1.5 billion to fully fund the TSA pay equity initiative.  Since imple -\nmenting pay parity in July 2023, TSA has already seen an 11-percent reduction in attrition, \nand is making gains in retaining what has historically been a workforce with high turnover.'), Document(id='6c5ad135-c29b-4e3f-a6bf-d162f4e42fa3', metadata={'author': 'Office of Management and Budget', 'creationdate': '2022-03-25T18:00:07-04:00', 'creator': 'Adobe InDesign 17.1 (Windows)', 'moddate': '2022-03-28T10:10:20-04:00', 'page': 75.0, 'page_label': '72', 'producer': 'Adobe PDF Library 16.0.5', 'source': './Documents/BUDGET-2023-BUD.pdf', 'subject': 'Budget of the United States Government, Fiscal Year 2023', 'title': 'Budget of the United States Government, Fiscal Year 2023', 'total_pages': 156.0, 'trapped': '/False'}, page_content='to their peers in the Federal workforce.  By establishing salary parity with other Federal em-\nployees, the Budget addresses retention issues faced by the Transportation Security Officer \nworkforce, improving service delivery.  The Budget also supports expanding TSA workforce \naccess to labor benefits such as collective bargaining and merit systems protection.  These en-\nhancements support the President’s commitment to fostering diversity, equity, and inclusion \nin the Federal workforce.\n• Ensures a Safe, Humane, and Efficient Immigration System.   The Administration is \ncommitted to ensuring the U.S. Citizenship and Immigration Services (USCIS) meets its mis-\nsion administering the Nation’s lawful immigration system and safeguarding its integrity and \npromise by efficiently and fairly adjudicating requests for immigration benefits.  The Budget \nprovides $765 million in discretionary funding for USCIS to:  efficiently process increasing'), Document(id='be639102-8ed7-4382-81ba-d443add88761', metadata={'author': 'Office of Management and Budget', 'creationdate': '2022-03-25T18:00:07-04:00', 'creator': 'Adobe InDesign 17.1 (Windows)', 'moddate': '2022-03-28T10:10:20-04:00', 'page': 75.0, 'page_label': '72', 'producer': 'Adobe PDF Library 16.0.5', 'source': './Documents/BUDGET-2023-BUD.pdf', 'subject': 'Budget of the United States Government, Fiscal Year 2023', 'title': 'Budget of the United States Government, Fiscal Year 2023', 'total_pages': 156.0, 'trapped': '/False'}, page_content='in research and development infrastructure, providing $89 million to improve and modernize \nlaboratories in the DHS Science and Technology Directorate (S&T).  This funding would allow \nS&T to replace and enhance mission-critical equipment, make necessary information technol-\nogy improvements, and allow DHS to construct the Detection Sciences Testing and Applied \nResearch Center, which would enable DHS to more efficiently and effectively test and evaluate \nthreat screening devices and counter homemade explosives to further secure transportation \nsystems and other public venues.\n• Modernizes Transportation Security Administration (TSA) Pay and Workforce \nPolicies.  The Budget provides a total of $7.1 billion for TSA pay and benefits, an increase of \n$1.6 billion from the 2021 enacted level, to compensate TSA employees at rates comparable \nto their peers in the Federal workforce.  By establishing salary parity with other Federal em-')]","The context does not provide information about the 2023 budget allocation for the wildland firefighting workforce, so I cannot answer this question from the provided context.","<think>
Okay, so I need to figure out how much the 2023 U.S. budget allocates specifically for theWildland Firefighters' Workforce. Let me start by looking through the provided documents to find relevant information.

First, I see a document with ID '5868dedd-8a06-4bd8-bbc1-9a28eae0c53e'. The metadata says it's about the Budget of the United States Government for Fiscal Year 2025. The page content mentions $765 million in discretionary funding for USCIS to improve their immigration system. That doesn't seem related to wildland firefighting.

Next, there's a document with ID 'be639102-8ed7-4382-81ba-d443add88761'. This one is about the Budget of the United States Government for Fiscal Year 2023. The page content talks about funding for research and development in S&T, modernizing pay and benefits for TSA, and improving detection technologies. It also mentions $89 million to improve labs in DHS.

Looking at another document with ID 'c2857b51-9da3-4a08-9fb9-5f284759eee3', it's about the 2023 Budget, but the page content doesn't specify any funding for wildland firefighting. It mentions $1.1 billion to fund TSA pay equity and enhancements in TSA pay.

The last document with ID '6c5ad135-c29b-4e3f-a6bf-d162f4e42fa3' is about the 2023 Budget, but again, no mention of wildland firefighting. It talks about salary parity for TSA employees and improving detection technologies.

So, from all these documents, I don't see any that specifically allocate money to the Wildland Firefighters' Workforce. The closest is the 'be639102-8ed7-4382-81ba-d443add88761' document, which mentions funding for research and development in S&T but not directly for wildlands. The other documents discuss TSA pay and benefits but don't target the wildlants themselves.

Therefore, based on the information provided, there isn't a specific allocation mentioned for the Wildland Firefighters' Workforce in any of these budgets.
</think>

Based on the provided documents, there is no explicit allocation mentioned for the Wildland Firefighters' Workforce in the 2023 U.S. budget. The closest related document discusses funding for research and development in the Transportation Security Administration (TSA) and modernizing pay and benefits for TSA employees.","No relevant information was found regarding the allocation of funds for the wildland firefighting workforce in the provided context. The documents appear to focus on various aspects of the U.S. budget, including homeland security, immigration, and transportation security administration (TSA) pay and workforce policies, but do not mention wildland firefighting specifically."," Based on the provided context, I was unable to find information regarding the allocation of the 2023 budget specifically for the wildland firefighting workforce. The documents provided focus on topics such as climate resilience, transportation security, immigration system, and research and development infrastructure, but no details about wildland firefighting were mentioned in the context you provided. I recommend rephrasing or changing your question to find more relevant information.","The 2023 Budget does not specifically allocate funds for the wildland firefighting workforce. However, it includes provisions for various FEMA grant programs to help State and local communities, Tribes, and Territories build climate resilience. This budget also supports the Administration's National Biodefense Strategy and Implementation Plan for Countering Biological Threats, Enhancing Pandemic Preparedness, and Achieving Global Health Security."
15,How is the 2023 budget supporting State and local law enforcement and community violence prevention?,"The Budget provides $3.2 billion in discretionary resources for State and local grants and $30 billion in mandatory resources to support law enforcement, crime prevention, and community violence intervention.","[Document(id='c2857b51-9da3-4a08-9fb9-5f284759eee3', metadata={'creationdate': '2023-03-09T10:21:43-05:00', 'creator': 'Adobe InDesign 18.1 (Windows)', 'moddate': '2023-03-09T14:53:41-05:00', 'page': 88.0, 'page_label': '84', 'producer': 'Adobe PDF Library 17.0', 'source': './Documents/BUDGET-2024-BUD.pdf', 'total_pages': 184.0, 'trapped': '/False'}, page_content='helps State and local communities, Tribes, and Territories build climate resilience through \nvarious FeMA grant programs.  The Budget also includes more than $500 million for flood \nhazard mapping, including the development of new data to support future flood conditions.  \nIn addition, the Budget includes $236 million to support the Administration’s 2022 National \nBiodefense Strategy and Implementation Plan for Countering Biological Threats, Enhancing \nPandemic Preparedness, and Achieving Global Health Security across a broad range of activi-\nties associated with response, critical infrastructure, and domestic surveillance.\n• Modernizes TSA Pay and Workforce Policies.  The TSA workforce deserves to be fairly \ncompensated at rates comparable with their peers in the Federal workforce.  The Budget in -\ncludes $1.1 billion above the 2023 enacted level to fully fund the TSA pay equity initiative.  \nenhancements to TSA pay support the President’s commitment to fostering diversity, equity,'), Document(id='5868dedd-8a06-4bd8-bbc1-9a28eae0c53e', metadata={'author': 'Office of Management and Budget', 'creationdate': '2024-03-08T13:56:53-05:00', 'creator': 'Adobe InDesign 19.2 (Windows)', 'moddate': '2024-03-08T15:26:48-05:00', 'page': 91.0, 'page_label': '88', 'producer': 'Adobe PDF Library 17.0', 'source': './Documents/budget_fy2025.pdf', 'subject': '', 'title': 'Budget of the United States Government, Fiscal Year 2025', 'total_pages': 188.0, 'trapped': '/False'}, page_content='88 DePARTMeNT OF HOMeLAND SeCURITY\n• Modernizes TSA Pay and Workforce Policies.  The TSA workforce deserves to be fair -\nly compensated at rates comparable with their peers in the Federal workforce.  The Budget \nincludes an additional $1.5 billion to fully fund the TSA pay equity initiative.  Since imple -\nmenting pay parity in July 2023, TSA has already seen an 11-percent reduction in attrition, \nand is making gains in retaining what has historically been a workforce with high turnover.'), Document(id='6c5ad135-c29b-4e3f-a6bf-d162f4e42fa3', metadata={'author': 'Office of Management and Budget', 'creationdate': '2022-03-25T18:00:07-04:00', 'creator': 'Adobe InDesign 17.1 (Windows)', 'moddate': '2022-03-28T10:10:20-04:00', 'page': 75.0, 'page_label': '72', 'producer': 'Adobe PDF Library 16.0.5', 'source': './Documents/BUDGET-2023-BUD.pdf', 'subject': 'Budget of the United States Government, Fiscal Year 2023', 'title': 'Budget of the United States Government, Fiscal Year 2023', 'total_pages': 156.0, 'trapped': '/False'}, page_content='to their peers in the Federal workforce.  By establishing salary parity with other Federal em-\nployees, the Budget addresses retention issues faced by the Transportation Security Officer \nworkforce, improving service delivery.  The Budget also supports expanding TSA workforce \naccess to labor benefits such as collective bargaining and merit systems protection.  These en-\nhancements support the President’s commitment to fostering diversity, equity, and inclusion \nin the Federal workforce.\n• Ensures a Safe, Humane, and Efficient Immigration System.   The Administration is \ncommitted to ensuring the U.S. Citizenship and Immigration Services (USCIS) meets its mis-\nsion administering the Nation’s lawful immigration system and safeguarding its integrity and \npromise by efficiently and fairly adjudicating requests for immigration benefits.  The Budget \nprovides $765 million in discretionary funding for USCIS to:  efficiently process increasing'), Document(id='be639102-8ed7-4382-81ba-d443add88761', metadata={'author': 'Office of Management and Budget', 'creationdate': '2022-03-25T18:00:07-04:00', 'creator': 'Adobe InDesign 17.1 (Windows)', 'moddate': '2022-03-28T10:10:20-04:00', 'page': 75.0, 'page_label': '72', 'producer': 'Adobe PDF Library 16.0.5', 'source': './Documents/BUDGET-2023-BUD.pdf', 'subject': 'Budget of the United States Government, Fiscal Year 2023', 'title': 'Budget of the United States Government, Fiscal Year 2023', 'total_pages': 156.0, 'trapped': '/False'}, page_content='in research and development infrastructure, providing $89 million to improve and modernize \nlaboratories in the DHS Science and Technology Directorate (S&T).  This funding would allow \nS&T to replace and enhance mission-critical equipment, make necessary information technol-\nogy improvements, and allow DHS to construct the Detection Sciences Testing and Applied \nResearch Center, which would enable DHS to more efficiently and effectively test and evaluate \nthreat screening devices and counter homemade explosives to further secure transportation \nsystems and other public venues.\n• Modernizes Transportation Security Administration (TSA) Pay and Workforce \nPolicies.  The Budget provides a total of $7.1 billion for TSA pay and benefits, an increase of \n$1.6 billion from the 2021 enacted level, to compensate TSA employees at rates comparable \nto their peers in the Federal workforce.  By establishing salary parity with other Federal em-')]","The context does not provide any information about how the 2023 budget is supporting State and local law enforcement and community violence prevention, so I cannot answer this question from the provided context.","<think>
Okay, so I need to figure out how the 2023 budget supports state and local law enforcement and community violence prevention. Let me start by looking through the provided documents.

First, I see a document with ID 'c2857b51-9da3-4a08-9fb9-5f284759eee3' which is about the 2023 budget. The page content mentions modernizing TSA pay and workforce policies, adding $1.5 billion for salary parity with other Federal employees. It also talks about reducing attrition by 11% since July 2023 and improving retention through benefits like collective bargaining and merit systems.

Another document is '5868dedd-8a06-4bd8-bbc1-9a28eae0c53e' which is the 2025 budget. It mentions modernizing TSA pay, adding $1.5 billion for parity, and an 11% reduction in attrition. It also talks about improving retention with benefits.

Looking at '6c5ad135-c29b-4e3f-a6bf-d162f4e42fa3', the 2023 budget mentions salary parity, $765 million for USCIS, and expanding TSA access to labor benefits. It also talks about ensuring a safe immigration system with $89 million in R&D.

The 'be639102-8ed7-4382-81ba-d443add88761' document is the 2023 budget again, similar to the one above. It mentions salary parity, modernizing TSA pay, and $765 million for USCIS.

Now, focusing on state and local law enforcement: The documents all mention modernizing TSA pay and workforce policies, which likely includes better training and resources for law enforcement. This would improve their ability to handle security tasks effectively.

For community violence prevention, the budget's focus on salary parity with Federal employees suggests that law enforcement can have more equitable compensation, which might help in addressing systemic issues. Additionally, modernizing TSA pay could lead to better surveillance capabilities, reducing the risk of violent crimes by improving detection and response times.

I should also consider if there are any specific initiatives or programs mentioned that directly target community violence prevention. The documents don't seem to mention such initiatives, but the focus on training and modernization might indirectly support law enforcement in preventing violence through better resource allocation and accountability.

In summary, the 2023 budget's emphasis on salary parity for TSA employees likely improves their compensation, which could enhance their ability to enforce laws effectively. Modernizing TSA pay might also improve security measures, reducing the risk of violent crimes by ensuring more effective detection and response.
</think>

The 2023 budget supports state and local law enforcement and community violence prevention through several key initiatives:

1. **Modernization of TSA Pay and Workforce Policies**: The budget emphasizes modernizing TSA pay and benefits, which likely includes better training and resources for law enforcement. This could enhance their ability to handle security tasks effectively.

2. **Salary Parity with Federal Employees**: By establishing salary parity with other Federal employees, the budget ensures equitable compensation for law enforcement, potentially addressing systemic issues and improving accountability.

3. **Improving Security Capabilities**: Modernizing TSA pay might lead to better surveillance capabilities, reducing the risk of violent crimes by improving detection and response times.

4. **Enhanced Resource Allocation**: The focus on training and modernization suggests that law enforcement can be better equipped to prevent violence through more effective resource allocation and accountability.

These measures collectively aim to enhance the effectiveness of law enforcement in preventing community violence by ensuring equitable compensation, improved security capabilities, and better resource management.","No relevant information was found regarding how the 2023 budget is specifically supporting State and local law enforcement and community violence prevention. The provided context appears to focus on various aspects of the federal budget, including homeland security, immigration, and transportation security administration (TSA) pay and workforce policies.

If you could rephrase or expand your question to include more specific details about the 2023 budget's impact on State and local law enforcement and community violence prevention, I would be happy to try and assist further."," Based on the provided context, I was unable to find specific information regarding how the 2023 budget supports State and local law enforcement and community violence prevention. The documents provided focus mainly on topics such as climate resilience, transportation security, immigration system improvements, and research and development infrastructure within the Department of Homeland Security. If you have more context or could rephrase your question to focus on a different year's budget or related topics, I would be happy to help!","Based on the provided documents, the 2023 budget primarily focuses on funding initiatives related to climate resilience, flood hazard mapping, biodefense strategy, and modernizing TSA pay and workforce policies. Unfortunately, there is no specific information regarding support for State and local law enforcement or community violence prevention in the context provided. If you have any other questions related to the budget or a different topic, feel free to ask."
16,What amount does the 2023 budget propose for juvenile justice programs?,"The Budget proposes $760 million for juvenile justice programs, an increase of $414 million over the 2021 enacted level, to bolster diversionary juvenile justice strategies.","[Document(id='c2857b51-9da3-4a08-9fb9-5f284759eee3', metadata={'creationdate': '2023-03-09T10:21:43-05:00', 'creator': 'Adobe InDesign 18.1 (Windows)', 'moddate': '2023-03-09T14:53:41-05:00', 'page': 88.0, 'page_label': '84', 'producer': 'Adobe PDF Library 17.0', 'source': './Documents/BUDGET-2024-BUD.pdf', 'total_pages': 184.0, 'trapped': '/False'}, page_content='helps State and local communities, Tribes, and Territories build climate resilience through \nvarious FeMA grant programs.  The Budget also includes more than $500 million for flood \nhazard mapping, including the development of new data to support future flood conditions.  \nIn addition, the Budget includes $236 million to support the Administration’s 2022 National \nBiodefense Strategy and Implementation Plan for Countering Biological Threats, Enhancing \nPandemic Preparedness, and Achieving Global Health Security across a broad range of activi-\nties associated with response, critical infrastructure, and domestic surveillance.\n• Modernizes TSA Pay and Workforce Policies.  The TSA workforce deserves to be fairly \ncompensated at rates comparable with their peers in the Federal workforce.  The Budget in -\ncludes $1.1 billion above the 2023 enacted level to fully fund the TSA pay equity initiative.  \nenhancements to TSA pay support the President’s commitment to fostering diversity, equity,'), Document(id='5868dedd-8a06-4bd8-bbc1-9a28eae0c53e', metadata={'author': 'Office of Management and Budget', 'creationdate': '2024-03-08T13:56:53-05:00', 'creator': 'Adobe InDesign 19.2 (Windows)', 'moddate': '2024-03-08T15:26:48-05:00', 'page': 91.0, 'page_label': '88', 'producer': 'Adobe PDF Library 17.0', 'source': './Documents/budget_fy2025.pdf', 'subject': '', 'title': 'Budget of the United States Government, Fiscal Year 2025', 'total_pages': 188.0, 'trapped': '/False'}, page_content='88 DePARTMeNT OF HOMeLAND SeCURITY\n• Modernizes TSA Pay and Workforce Policies.  The TSA workforce deserves to be fair -\nly compensated at rates comparable with their peers in the Federal workforce.  The Budget \nincludes an additional $1.5 billion to fully fund the TSA pay equity initiative.  Since imple -\nmenting pay parity in July 2023, TSA has already seen an 11-percent reduction in attrition, \nand is making gains in retaining what has historically been a workforce with high turnover.'), Document(id='6c5ad135-c29b-4e3f-a6bf-d162f4e42fa3', metadata={'author': 'Office of Management and Budget', 'creationdate': '2022-03-25T18:00:07-04:00', 'creator': 'Adobe InDesign 17.1 (Windows)', 'moddate': '2022-03-28T10:10:20-04:00', 'page': 75.0, 'page_label': '72', 'producer': 'Adobe PDF Library 16.0.5', 'source': './Documents/BUDGET-2023-BUD.pdf', 'subject': 'Budget of the United States Government, Fiscal Year 2023', 'title': 'Budget of the United States Government, Fiscal Year 2023', 'total_pages': 156.0, 'trapped': '/False'}, page_content='to their peers in the Federal workforce.  By establishing salary parity with other Federal em-\nployees, the Budget addresses retention issues faced by the Transportation Security Officer \nworkforce, improving service delivery.  The Budget also supports expanding TSA workforce \naccess to labor benefits such as collective bargaining and merit systems protection.  These en-\nhancements support the President’s commitment to fostering diversity, equity, and inclusion \nin the Federal workforce.\n• Ensures a Safe, Humane, and Efficient Immigration System.   The Administration is \ncommitted to ensuring the U.S. Citizenship and Immigration Services (USCIS) meets its mis-\nsion administering the Nation’s lawful immigration system and safeguarding its integrity and \npromise by efficiently and fairly adjudicating requests for immigration benefits.  The Budget \nprovides $765 million in discretionary funding for USCIS to:  efficiently process increasing'), Document(id='be639102-8ed7-4382-81ba-d443add88761', metadata={'author': 'Office of Management and Budget', 'creationdate': '2022-03-25T18:00:07-04:00', 'creator': 'Adobe InDesign 17.1 (Windows)', 'moddate': '2022-03-28T10:10:20-04:00', 'page': 75.0, 'page_label': '72', 'producer': 'Adobe PDF Library 16.0.5', 'source': './Documents/BUDGET-2023-BUD.pdf', 'subject': 'Budget of the United States Government, Fiscal Year 2023', 'title': 'Budget of the United States Government, Fiscal Year 2023', 'total_pages': 156.0, 'trapped': '/False'}, page_content='in research and development infrastructure, providing $89 million to improve and modernize \nlaboratories in the DHS Science and Technology Directorate (S&T).  This funding would allow \nS&T to replace and enhance mission-critical equipment, make necessary information technol-\nogy improvements, and allow DHS to construct the Detection Sciences Testing and Applied \nResearch Center, which would enable DHS to more efficiently and effectively test and evaluate \nthreat screening devices and counter homemade explosives to further secure transportation \nsystems and other public venues.\n• Modernizes Transportation Security Administration (TSA) Pay and Workforce \nPolicies.  The Budget provides a total of $7.1 billion for TSA pay and benefits, an increase of \n$1.6 billion from the 2021 enacted level, to compensate TSA employees at rates comparable \nto their peers in the Federal workforce.  By establishing salary parity with other Federal em-')]","The context does not provide information about the 2023 budget's proposed amount for juvenile justice programs, so I cannot answer this question from the provided context.","<think>
Okay, so I need to figure out how much the 2023 U.S. budget proposes for juvenile justice programs. Let me start by looking through the provided documents to find relevant information.

First, I see a document with ID 'c2857b51-9da3-4a08-9fb9-5f284759eee3' which is about page 88 of the 2023 budget. The content mentions modernizing TSA pay and workforce policies, including $1.1 billion to fund the pay equity initiative. It also talks about reducing attrition by 11% since July 2023.

Another document with ID '5868dedd-8a06-4bd8-bbc1-9a28eae0c53e' is for page 88 of the 2025 budget. It says that modernizing TSA pay and benefits includes an additional $1.5 billion to fully fund the pay equity initiative, which has already reduced attrition by 11% and improved retention.

Looking at '6c5ad135-c29b-4e3f-a6bf-d162f4e42fa3', it's about page 75 of the 2023 budget. It mentions salary parity with other Federal employees, improving service delivery, and expanding TSA benefits like collective bargaining and merit systems.

The last document is for page 75 of the 2023 budget again, which has similar content as the previous one about salary parity.

So, focusing on juvenile justice programs specifically, I don't see any direct mention in these documents. The closest is the modernization of TSA pay and benefits, but that's more about the federal system rather than juvenile justice. Juvenile justice programs are likely part of the criminal justice or corrections branches, which might be covered elsewhere.

Wait, maybe there's a document on page 75 for the 2023 budget that talks about modernizing transportation security (TSA) pay and benefits. That would include the $1.5 billion increase in 2025, but not necessarily for juvenile justice programs specifically.

I think the answer might be that there's no specific amount proposed for juvenile justice programs in these documents. The focus is on federal pay and benefits for TSA employees.
</think>

The provided documents do not explicitly propose an amount for juvenile justice programs. However, they mention modernizing TSA (Transportation Security Administration) pay and benefits, which includes a $1.5 billion increase by 2025 to fund the pay equity initiative. This focus is on federal pay policies rather than juvenile justice programs.

**Answer:**

The documents do not propose an amount for juvenile justice programs. They primarily address modernizing TSA pay and benefits, including salary parity with other Federal employees, which aims to improve service delivery and retention in the federal system.","No relevant information was found regarding the proposed amount for juvenile justice programs in the provided context. The documents appear to focus on various aspects of the U.S. budget, including homeland security, transportation security administration (TSA) pay and workforce policies, and immigration system enhancements, but do not mention juvenile justice programs."," Based on the provided context, I was unable to find information regarding the 2023 budget proposal for juvenile justice programs. The documents provided focus on various aspects of the U.S. budget, including climate resilience, biodefense strategy, TSA pay equity, immigration system improvements, and research and development infrastructure, but no mention was made about juvenile justice programs in the 2023 budget. I recommend rephrasing or changing your question to find more relevant information.","Based on the provided context, there is no specific mention of the amount proposed for juvenile justice programs in the 2023 budget. If you are looking for information on juvenile justice programs specifically, I recommend checking official government sources or documents related to juvenile justice funding."
17,What is the 2023 Budget allocation to improve highway safety?,"The Budget provides more than $2.5 billion for the Federal Motor Carrier Safety Administration and the National Highway Traffic Safety Administration (NHTSA), an $857 million increase above the 2021 enacted level.","[Document(id='c2857b51-9da3-4a08-9fb9-5f284759eee3', metadata={'creationdate': '2023-03-09T10:21:43-05:00', 'creator': 'Adobe InDesign 18.1 (Windows)', 'moddate': '2023-03-09T14:53:41-05:00', 'page': 88.0, 'page_label': '84', 'producer': 'Adobe PDF Library 17.0', 'source': './Documents/BUDGET-2024-BUD.pdf', 'total_pages': 184.0, 'trapped': '/False'}, page_content='helps State and local communities, Tribes, and Territories build climate resilience through \nvarious FeMA grant programs.  The Budget also includes more than $500 million for flood \nhazard mapping, including the development of new data to support future flood conditions.  \nIn addition, the Budget includes $236 million to support the Administration’s 2022 National \nBiodefense Strategy and Implementation Plan for Countering Biological Threats, Enhancing \nPandemic Preparedness, and Achieving Global Health Security across a broad range of activi-\nties associated with response, critical infrastructure, and domestic surveillance.\n• Modernizes TSA Pay and Workforce Policies.  The TSA workforce deserves to be fairly \ncompensated at rates comparable with their peers in the Federal workforce.  The Budget in -\ncludes $1.1 billion above the 2023 enacted level to fully fund the TSA pay equity initiative.  \nenhancements to TSA pay support the President’s commitment to fostering diversity, equity,'), Document(id='5868dedd-8a06-4bd8-bbc1-9a28eae0c53e', metadata={'author': 'Office of Management and Budget', 'creationdate': '2024-03-08T13:56:53-05:00', 'creator': 'Adobe InDesign 19.2 (Windows)', 'moddate': '2024-03-08T15:26:48-05:00', 'page': 91.0, 'page_label': '88', 'producer': 'Adobe PDF Library 17.0', 'source': './Documents/budget_fy2025.pdf', 'subject': '', 'title': 'Budget of the United States Government, Fiscal Year 2025', 'total_pages': 188.0, 'trapped': '/False'}, page_content='88 DePARTMeNT OF HOMeLAND SeCURITY\n• Modernizes TSA Pay and Workforce Policies.  The TSA workforce deserves to be fair -\nly compensated at rates comparable with their peers in the Federal workforce.  The Budget \nincludes an additional $1.5 billion to fully fund the TSA pay equity initiative.  Since imple -\nmenting pay parity in July 2023, TSA has already seen an 11-percent reduction in attrition, \nand is making gains in retaining what has historically been a workforce with high turnover.'), Document(id='6c5ad135-c29b-4e3f-a6bf-d162f4e42fa3', metadata={'author': 'Office of Management and Budget', 'creationdate': '2022-03-25T18:00:07-04:00', 'creator': 'Adobe InDesign 17.1 (Windows)', 'moddate': '2022-03-28T10:10:20-04:00', 'page': 75.0, 'page_label': '72', 'producer': 'Adobe PDF Library 16.0.5', 'source': './Documents/BUDGET-2023-BUD.pdf', 'subject': 'Budget of the United States Government, Fiscal Year 2023', 'title': 'Budget of the United States Government, Fiscal Year 2023', 'total_pages': 156.0, 'trapped': '/False'}, page_content='to their peers in the Federal workforce.  By establishing salary parity with other Federal em-\nployees, the Budget addresses retention issues faced by the Transportation Security Officer \nworkforce, improving service delivery.  The Budget also supports expanding TSA workforce \naccess to labor benefits such as collective bargaining and merit systems protection.  These en-\nhancements support the President’s commitment to fostering diversity, equity, and inclusion \nin the Federal workforce.\n• Ensures a Safe, Humane, and Efficient Immigration System.   The Administration is \ncommitted to ensuring the U.S. Citizenship and Immigration Services (USCIS) meets its mis-\nsion administering the Nation’s lawful immigration system and safeguarding its integrity and \npromise by efficiently and fairly adjudicating requests for immigration benefits.  The Budget \nprovides $765 million in discretionary funding for USCIS to:  efficiently process increasing'), Document(id='be639102-8ed7-4382-81ba-d443add88761', metadata={'author': 'Office of Management and Budget', 'creationdate': '2022-03-25T18:00:07-04:00', 'creator': 'Adobe InDesign 17.1 (Windows)', 'moddate': '2022-03-28T10:10:20-04:00', 'page': 75.0, 'page_label': '72', 'producer': 'Adobe PDF Library 16.0.5', 'source': './Documents/BUDGET-2023-BUD.pdf', 'subject': 'Budget of the United States Government, Fiscal Year 2023', 'title': 'Budget of the United States Government, Fiscal Year 2023', 'total_pages': 156.0, 'trapped': '/False'}, page_content='in research and development infrastructure, providing $89 million to improve and modernize \nlaboratories in the DHS Science and Technology Directorate (S&T).  This funding would allow \nS&T to replace and enhance mission-critical equipment, make necessary information technol-\nogy improvements, and allow DHS to construct the Detection Sciences Testing and Applied \nResearch Center, which would enable DHS to more efficiently and effectively test and evaluate \nthreat screening devices and counter homemade explosives to further secure transportation \nsystems and other public venues.\n• Modernizes Transportation Security Administration (TSA) Pay and Workforce \nPolicies.  The Budget provides a total of $7.1 billion for TSA pay and benefits, an increase of \n$1.6 billion from the 2021 enacted level, to compensate TSA employees at rates comparable \nto their peers in the Federal workforce.  By establishing salary parity with other Federal em-')]","The context does not provide any information about the 2023 Budget allocation to improve highway safety, so I cannot answer this question from the provided context.","<think>
Okay, so I need to figure out the 2023 Budget allocation for highway safety based on the provided context. Let me go through each document and see if any mention highway safety specifically.

First, looking at Document id 'c2857b51-9da3-4a08-9fb9-5f284759eee3', it's about the 2023 Budget. The page content talks about flood hazard mapping and funding for biological threats, but I don't see any mention of highway safety or improvements there.

Next, Document id '5868dedd-8a06-4bd8-bbc1-9a28eae0c53e' is the 2025 Budget. It mentions modernizing TSA pay and workforce policies with an additional $1.5 billion to fund pay equity. But again, no details on highway safety.

Then, Document id '6c5ad135-c29b-4e3f-a6bf-d162f4e42fa3' is the 2023 Budget as well. It talks about salary parity with other Federal employees and expanding TSA benefits. Still no mention of highway safety.

Lastly, Document id 'be639102-8ed7-4382-81ba-d443add88761' is the 2023 Budget. It mentions modernizing transportation security officers (TSA) pay and benefits with an increase of $1.6 billion, which supports salary parity. But again, no specific allocation for highway safety.

Wait a minute, maybe I missed something. Let me check if any documents specifically mention highway safety or infrastructure improvements. Scanning through each page content, I don't see any section that talks about highway safety allocations. All the mentions are about other areas like transportation security, infrastructure, and border security.

So, based on this information, there isn't a specific allocation mentioned for highway safety in the 2023 Budget from these documents.
</think>

Based on the provided context, there is no explicit mention of a 2023 Budget allocation specifically for highway safety improvements. The documents discuss various areas such as transportation security, border security, and infrastructure modernization but do not detail any specific funding allocations for highway safety.","No relevant information was found regarding the 2023 budget allocation for improving highway safety. The provided context appears to be related to the U.S. budget, specifically focusing on various government departments and initiatives such as homeland security, transportation security administration (TSA), and biodefense strategy.

If you could rephrase or modify your question to include more specific details or clarify what aspect of highway safety is being referred to, I would be happy to try and assist further."," Based on the provided context, I was unable to find specific information about the 2023 budget allocation for improving highway safety. The documents provided focus on various aspects of the U.S. budget, including climate resilience, biodefense strategy, TSA pay equity, and immigration system improvements, but they do not mention any allocations related to highway safety. I recommend rephrasing or changing your question for more accurate results.","Based on the provided documents, there is no specific mention of the 2023 Budget allocation for improving highway safety. If you have any other questions related to the U.S. budget or specific allocations mentioned in the documents, feel free to ask."
18,What are the investments in National Infrastructure Investments and INFRA grants in Budget 2023?,"Investments include $4 billion, $3 billion above the 2021 enacted level, for National Infrastructure Investments grant programs... and $1.64 billion, a $640 million increase above the 2021 enacted level for the Infrastructure for Rebuilding America grants program.","[Document(id='c2857b51-9da3-4a08-9fb9-5f284759eee3', metadata={'creationdate': '2023-03-09T10:21:43-05:00', 'creator': 'Adobe InDesign 18.1 (Windows)', 'moddate': '2023-03-09T14:53:41-05:00', 'page': 88.0, 'page_label': '84', 'producer': 'Adobe PDF Library 17.0', 'source': './Documents/BUDGET-2024-BUD.pdf', 'total_pages': 184.0, 'trapped': '/False'}, page_content='helps State and local communities, Tribes, and Territories build climate resilience through \nvarious FeMA grant programs.  The Budget also includes more than $500 million for flood \nhazard mapping, including the development of new data to support future flood conditions.  \nIn addition, the Budget includes $236 million to support the Administration’s 2022 National \nBiodefense Strategy and Implementation Plan for Countering Biological Threats, Enhancing \nPandemic Preparedness, and Achieving Global Health Security across a broad range of activi-\nties associated with response, critical infrastructure, and domestic surveillance.\n• Modernizes TSA Pay and Workforce Policies.  The TSA workforce deserves to be fairly \ncompensated at rates comparable with their peers in the Federal workforce.  The Budget in -\ncludes $1.1 billion above the 2023 enacted level to fully fund the TSA pay equity initiative.  \nenhancements to TSA pay support the President’s commitment to fostering diversity, equity,'), Document(id='5868dedd-8a06-4bd8-bbc1-9a28eae0c53e', metadata={'author': 'Office of Management and Budget', 'creationdate': '2024-03-08T13:56:53-05:00', 'creator': 'Adobe InDesign 19.2 (Windows)', 'moddate': '2024-03-08T15:26:48-05:00', 'page': 91.0, 'page_label': '88', 'producer': 'Adobe PDF Library 17.0', 'source': './Documents/budget_fy2025.pdf', 'subject': '', 'title': 'Budget of the United States Government, Fiscal Year 2025', 'total_pages': 188.0, 'trapped': '/False'}, page_content='88 DePARTMeNT OF HOMeLAND SeCURITY\n• Modernizes TSA Pay and Workforce Policies.  The TSA workforce deserves to be fair -\nly compensated at rates comparable with their peers in the Federal workforce.  The Budget \nincludes an additional $1.5 billion to fully fund the TSA pay equity initiative.  Since imple -\nmenting pay parity in July 2023, TSA has already seen an 11-percent reduction in attrition, \nand is making gains in retaining what has historically been a workforce with high turnover.'), Document(id='6c5ad135-c29b-4e3f-a6bf-d162f4e42fa3', metadata={'author': 'Office of Management and Budget', 'creationdate': '2022-03-25T18:00:07-04:00', 'creator': 'Adobe InDesign 17.1 (Windows)', 'moddate': '2022-03-28T10:10:20-04:00', 'page': 75.0, 'page_label': '72', 'producer': 'Adobe PDF Library 16.0.5', 'source': './Documents/BUDGET-2023-BUD.pdf', 'subject': 'Budget of the United States Government, Fiscal Year 2023', 'title': 'Budget of the United States Government, Fiscal Year 2023', 'total_pages': 156.0, 'trapped': '/False'}, page_content='to their peers in the Federal workforce.  By establishing salary parity with other Federal em-\nployees, the Budget addresses retention issues faced by the Transportation Security Officer \nworkforce, improving service delivery.  The Budget also supports expanding TSA workforce \naccess to labor benefits such as collective bargaining and merit systems protection.  These en-\nhancements support the President’s commitment to fostering diversity, equity, and inclusion \nin the Federal workforce.\n• Ensures a Safe, Humane, and Efficient Immigration System.   The Administration is \ncommitted to ensuring the U.S. Citizenship and Immigration Services (USCIS) meets its mis-\nsion administering the Nation’s lawful immigration system and safeguarding its integrity and \npromise by efficiently and fairly adjudicating requests for immigration benefits.  The Budget \nprovides $765 million in discretionary funding for USCIS to:  efficiently process increasing'), Document(id='be639102-8ed7-4382-81ba-d443add88761', metadata={'author': 'Office of Management and Budget', 'creationdate': '2022-03-25T18:00:07-04:00', 'creator': 'Adobe InDesign 17.1 (Windows)', 'moddate': '2022-03-28T10:10:20-04:00', 'page': 75.0, 'page_label': '72', 'producer': 'Adobe PDF Library 16.0.5', 'source': './Documents/BUDGET-2023-BUD.pdf', 'subject': 'Budget of the United States Government, Fiscal Year 2023', 'title': 'Budget of the United States Government, Fiscal Year 2023', 'total_pages': 156.0, 'trapped': '/False'}, page_content='in research and development infrastructure, providing $89 million to improve and modernize \nlaboratories in the DHS Science and Technology Directorate (S&T).  This funding would allow \nS&T to replace and enhance mission-critical equipment, make necessary information technol-\nogy improvements, and allow DHS to construct the Detection Sciences Testing and Applied \nResearch Center, which would enable DHS to more efficiently and effectively test and evaluate \nthreat screening devices and counter homemade explosives to further secure transportation \nsystems and other public venues.\n• Modernizes Transportation Security Administration (TSA) Pay and Workforce \nPolicies.  The Budget provides a total of $7.1 billion for TSA pay and benefits, an increase of \n$1.6 billion from the 2021 enacted level, to compensate TSA employees at rates comparable \nto their peers in the Federal workforce.  By establishing salary parity with other Federal em-')]","The context does not provide information about the investments in National Infrastructure Investments and INFRA grants in Budget 2023, so I cannot answer this question from the provided context.","<think>
Okay, so I need to figure out what the user is asking about. They provided a bunch of documents from the U.S. government's budget, specifically looking at different fiscal years from 2021 to 2025. The question they asked was about National Infrastructure Investments and INFRA grants in Budget 2023.

First, I should look through each document they provided to find where the INFRA grants are mentioned. Let me go through them one by one.

The first document is for Budget 2023, which ends around page 156. The content includes sections on the Transportation Security Officer (TSO) workforce and ensuring a safe immigration system. I don't see any mention of INFRA or grants here.

Next, there's another document from Budget 2023 as well, but it seems to be about the same year. It mentions modernizing TSA pay and workforce policies with an additional $1.5 billion. Again, no INFRA or grants mentioned here either.

Then, looking at the document for Budget 2024, which is page 88. This one talks about infrastructure investments in federal agencies like the Department of Homeeland Security (DHS) and the Office of Management and Budget (OMB). It mentions modernizing TSA pay equity with an increase of $1.1 billion and expanding TSA access to benefits. There's also a section on infrastructure investments, but I don't see any mention of INFRA or grants here either.

The last document is for Budget 2025, which ends around page 188. This one discusses the Department of Homeeland Security (DHS) and their budget, including infrastructure investments in federal agencies like the DHS Science and Technology Directorate. It mentions modernizing transportation security agency pay with an increase of $7.1 billion from the 2021 level.

Wait a minute, so in Budget 2023, there's no mention of INFRA or grants. The documents for 2024 and 2025 do talk about infrastructure investments but not specifically INFRA or grants. Maybe the user is referring to something else, like federal programs that are considered infrastructure.

I should check if any of these documents mention specific INFRA grants. From what I can see, none of the Budget 2023 documents mention INFRA or grants. The focus seems more on workforce policies and security agencies rather than infrastructure investments. 

So, putting it all together, in Budget 2023, there are no mentions of National Infrastructure Investments or INFRA grants. The relevant information is spread out under different sections about workforce policies and immigration systems.
</think>

In the provided documents from the U.S. government's budget, there is no mention of National Infrastructure Investments (INFRA) grants or specific INFRA grants in Budget 2023. The focus areas include workforce policies, security agencies, and immigration systems rather than infrastructure investments.","I couldn't find any information on investments in National Infrastructure Investments and INFRA grants in Budget 2023 from the provided context. The context appears to be related to various government departments, including Homeland Security, Transportation Security Administration (TSA), and Biodefense Strategy.

If you could provide more context or clarify your question, I'd be happy to try and assist you further."," Based on the provided context, I was unable to find specific details about National Infrastructure Investments or INFRA grants in the Budget for Fiscal Year 2023. The documents you've shared focus primarily on climate resilience programs, workforce policies related to the Transportation Security Administration (TSA), and immigration system improvements. If you could provide more context or rephrase your question to focus on a different budget year or related topics, I would be happy to help you find the information you need!","In Budget 2023, there were investments made in various areas, including $236 million to support the Administration’s 2022 National Biodefense Strategy and Implementation Plan for Countering Biological Threats, Enhancing Pandemic Preparedness, and Achieving Global Health Security. Additionally, there was funding allocated for modernizing TSA Pay and Workforce Policies, with $1.1 billion above the 2023 enacted level to fully fund the TSA pay equity initiative."
19,How does the 2024 Budget support nutrition programs for women and children?,"The Budget provides $7.1 billion for critical nutrition programs, including $6.3 billion to fully fund the 6.5 million individuals expected to participate in the Special Supplemental Nutrition Program (SNAP) for Women, Infants, and Children.","[Document(id='c2857b51-9da3-4a08-9fb9-5f284759eee3', metadata={'creationdate': '2023-03-09T10:21:43-05:00', 'creator': 'Adobe InDesign 18.1 (Windows)', 'moddate': '2023-03-09T14:53:41-05:00', 'page': 88.0, 'page_label': '84', 'producer': 'Adobe PDF Library 17.0', 'source': './Documents/BUDGET-2024-BUD.pdf', 'total_pages': 184.0, 'trapped': '/False'}, page_content='helps State and local communities, Tribes, and Territories build climate resilience through \nvarious FeMA grant programs.  The Budget also includes more than $500 million for flood \nhazard mapping, including the development of new data to support future flood conditions.  \nIn addition, the Budget includes $236 million to support the Administration’s 2022 National \nBiodefense Strategy and Implementation Plan for Countering Biological Threats, Enhancing \nPandemic Preparedness, and Achieving Global Health Security across a broad range of activi-\nties associated with response, critical infrastructure, and domestic surveillance.\n• Modernizes TSA Pay and Workforce Policies.  The TSA workforce deserves to be fairly \ncompensated at rates comparable with their peers in the Federal workforce.  The Budget in -\ncludes $1.1 billion above the 2023 enacted level to fully fund the TSA pay equity initiative.  \nenhancements to TSA pay support the President’s commitment to fostering diversity, equity,'), Document(id='5868dedd-8a06-4bd8-bbc1-9a28eae0c53e', metadata={'author': 'Office of Management and Budget', 'creationdate': '2024-03-08T13:56:53-05:00', 'creator': 'Adobe InDesign 19.2 (Windows)', 'moddate': '2024-03-08T15:26:48-05:00', 'page': 91.0, 'page_label': '88', 'producer': 'Adobe PDF Library 17.0', 'source': './Documents/budget_fy2025.pdf', 'subject': '', 'title': 'Budget of the United States Government, Fiscal Year 2025', 'total_pages': 188.0, 'trapped': '/False'}, page_content='88 DePARTMeNT OF HOMeLAND SeCURITY\n• Modernizes TSA Pay and Workforce Policies.  The TSA workforce deserves to be fair -\nly compensated at rates comparable with their peers in the Federal workforce.  The Budget \nincludes an additional $1.5 billion to fully fund the TSA pay equity initiative.  Since imple -\nmenting pay parity in July 2023, TSA has already seen an 11-percent reduction in attrition, \nand is making gains in retaining what has historically been a workforce with high turnover.'), Document(id='6c5ad135-c29b-4e3f-a6bf-d162f4e42fa3', metadata={'author': 'Office of Management and Budget', 'creationdate': '2022-03-25T18:00:07-04:00', 'creator': 'Adobe InDesign 17.1 (Windows)', 'moddate': '2022-03-28T10:10:20-04:00', 'page': 75.0, 'page_label': '72', 'producer': 'Adobe PDF Library 16.0.5', 'source': './Documents/BUDGET-2023-BUD.pdf', 'subject': 'Budget of the United States Government, Fiscal Year 2023', 'title': 'Budget of the United States Government, Fiscal Year 2023', 'total_pages': 156.0, 'trapped': '/False'}, page_content='to their peers in the Federal workforce.  By establishing salary parity with other Federal em-\nployees, the Budget addresses retention issues faced by the Transportation Security Officer \nworkforce, improving service delivery.  The Budget also supports expanding TSA workforce \naccess to labor benefits such as collective bargaining and merit systems protection.  These en-\nhancements support the President’s commitment to fostering diversity, equity, and inclusion \nin the Federal workforce.\n• Ensures a Safe, Humane, and Efficient Immigration System.   The Administration is \ncommitted to ensuring the U.S. Citizenship and Immigration Services (USCIS) meets its mis-\nsion administering the Nation’s lawful immigration system and safeguarding its integrity and \npromise by efficiently and fairly adjudicating requests for immigration benefits.  The Budget \nprovides $765 million in discretionary funding for USCIS to:  efficiently process increasing'), Document(id='be639102-8ed7-4382-81ba-d443add88761', metadata={'author': 'Office of Management and Budget', 'creationdate': '2022-03-25T18:00:07-04:00', 'creator': 'Adobe InDesign 17.1 (Windows)', 'moddate': '2022-03-28T10:10:20-04:00', 'page': 75.0, 'page_label': '72', 'producer': 'Adobe PDF Library 16.0.5', 'source': './Documents/BUDGET-2023-BUD.pdf', 'subject': 'Budget of the United States Government, Fiscal Year 2023', 'title': 'Budget of the United States Government, Fiscal Year 2023', 'total_pages': 156.0, 'trapped': '/False'}, page_content='in research and development infrastructure, providing $89 million to improve and modernize \nlaboratories in the DHS Science and Technology Directorate (S&T).  This funding would allow \nS&T to replace and enhance mission-critical equipment, make necessary information technol-\nogy improvements, and allow DHS to construct the Detection Sciences Testing and Applied \nResearch Center, which would enable DHS to more efficiently and effectively test and evaluate \nthreat screening devices and counter homemade explosives to further secure transportation \nsystems and other public venues.\n• Modernizes Transportation Security Administration (TSA) Pay and Workforce \nPolicies.  The Budget provides a total of $7.1 billion for TSA pay and benefits, an increase of \n$1.6 billion from the 2021 enacted level, to compensate TSA employees at rates comparable \nto their peers in the Federal workforce.  By establishing salary parity with other Federal em-')]","The context does not provide any information about how the 2024 Budget supports nutrition programs for women and children, so I cannot answer this question from the provided context.","<think>
Okay, so I need to figure out how the 2024 Budget supports nutrition programs for women and children. Let me start by looking through the provided documents to find relevant information.

First, I see a document with ID 'c2857b51-9da3-4a08-9fb9-5f284759eee3' which is from Adobe InDesign 18.1. The page content talks about the State and local communities building climate resilience through various grant programs, including flood hazard mapping with $500 million. It also mentions $236 million for the Administration's 2022 National Biodefense Strategy, which includes things like response, critical infrastructure, etc.

Looking further down, there's another document with ID '5868dedd-8a06-4bd8-bbc1-9a28eae0c53e' from Adobe InDesign 19.2. The page content here is about the Budget of the United States Government for Fiscal Year 2025, mentioning modernizing TSA pay and workforce policies with $1.1 billion to fully fund the pay equity initiative. It also talks about an additional $1.5 billion since July 2023, which includes a 11% reduction in attrition and gains in retaining a workforce with high turnover.

Then there's another document with ID '6c5ad135-c29b-4e3f-a6bf-d162f4e42fa3' from Adobe InDesign 17.1, which is about the Budget of the United States Government for Fiscal Year 2023. It mentions salary parity with other Federal employees and expanding TSA access to labor benefits like collective bargaining and merit systems.

Finally, there's a document with ID 'be639102-8ed7-4382-81ba-d443add88761' from Adobe InDesign 17.1, which is about the Budget for Fiscal Year 2023 again, focusing on modernizing transportation security personnel pay and benefits with an increase of $7.1 billion over the 2021 level.

Looking through these documents, I don't see any mention of nutrition programs specifically for women and children in the 2024 Budget. The main focus seems to be on climate resilience, biodefense strategies, pay equity, TSA policies, and some transportation security personnel changes. 

Wait, maybe I missed something? Let me check again. The first document is about climate resilience, the second about FY2025, the third about FY2023, and the fourth also about FY2023. None of these mention nutrition programs for women and children.

Perhaps the user is referring to a different budget or another document that isn't listed here? Or maybe I'm missing something in the provided information. Since the 2024 Budget isn't mentioned, it's possible that the user is referring to a budget from a different year or perhaps a different document not included in this list.

Alternatively, maybe there's an assumption that nutrition programs are part of the climate resilience initiatives, but without explicit mention, I can't confirm. The provided documents don't support any direct information on nutrition for women and children in the 2024 Budget.
</think>

The 2024 Budget does not explicitly mention nutrition programs specifically for women and children. However, based on the provided documents, the focus is on climate resilience initiatives, biodefense strategies, pay equity, TSA policies, and transportation security personnel changes. The information available does not include details about nutrition programs in the 2024 Budget.","No relevant information was found regarding the U.S. budget supporting nutrition programs specifically for women and children. The provided context appears to focus on various aspects of the federal budget, including homeland security, immigration, transportation security administration (TSA) pay and workforce policies, and biodefense strategy, but does not mention nutrition programs for women and children."," Based on the provided context, I was unable to find information regarding how the 2024 Budget supports nutrition programs specifically for women and children. The documents provided focus on various aspects of the U.S. budget, including climate resilience, biodefense strategy, TSA pay equity, immigration system improvements, and research and development infrastructure. To find information about the support for nutrition programs for women and children in the 2024 Budget, I recommend rephrasing or changing your question to focus on a more specific aspect of the budget that might contain this information. For example, you could ask: ""How does the 2024 U.S. budget support WIC (Women, Infants, and Children) program or other nutrition programs for low-income families?""","Based on the provided context, the 2024 Budget primarily focuses on funding various programs related to climate resilience, biodefense strategy, and modernizing TSA pay and workforce policies. Unfortunately, there is no specific mention of how the 2024 Budget supports nutrition programs for women and children in the available documents. If you have any other questions or need information on a different topic related to the U.S. budget, feel free to ask."
20,How does the 2024 Budget support American manufacturing?,"The Budget provides $375 million for the National Institute of Standards and Technology’s (NIST) Industrial Technology Services, a $163 million increase above the 2023 enacted level.","[Document(id='c2857b51-9da3-4a08-9fb9-5f284759eee3', metadata={'creationdate': '2023-03-09T10:21:43-05:00', 'creator': 'Adobe InDesign 18.1 (Windows)', 'moddate': '2023-03-09T14:53:41-05:00', 'page': 88.0, 'page_label': '84', 'producer': 'Adobe PDF Library 17.0', 'source': './Documents/BUDGET-2024-BUD.pdf', 'total_pages': 184.0, 'trapped': '/False'}, page_content='helps State and local communities, Tribes, and Territories build climate resilience through \nvarious FeMA grant programs.  The Budget also includes more than $500 million for flood \nhazard mapping, including the development of new data to support future flood conditions.  \nIn addition, the Budget includes $236 million to support the Administration’s 2022 National \nBiodefense Strategy and Implementation Plan for Countering Biological Threats, Enhancing \nPandemic Preparedness, and Achieving Global Health Security across a broad range of activi-\nties associated with response, critical infrastructure, and domestic surveillance.\n• Modernizes TSA Pay and Workforce Policies.  The TSA workforce deserves to be fairly \ncompensated at rates comparable with their peers in the Federal workforce.  The Budget in -\ncludes $1.1 billion above the 2023 enacted level to fully fund the TSA pay equity initiative.  \nenhancements to TSA pay support the President’s commitment to fostering diversity, equity,'), Document(id='5868dedd-8a06-4bd8-bbc1-9a28eae0c53e', metadata={'author': 'Office of Management and Budget', 'creationdate': '2024-03-08T13:56:53-05:00', 'creator': 'Adobe InDesign 19.2 (Windows)', 'moddate': '2024-03-08T15:26:48-05:00', 'page': 91.0, 'page_label': '88', 'producer': 'Adobe PDF Library 17.0', 'source': './Documents/budget_fy2025.pdf', 'subject': '', 'title': 'Budget of the United States Government, Fiscal Year 2025', 'total_pages': 188.0, 'trapped': '/False'}, page_content='88 DePARTMeNT OF HOMeLAND SeCURITY\n• Modernizes TSA Pay and Workforce Policies.  The TSA workforce deserves to be fair -\nly compensated at rates comparable with their peers in the Federal workforce.  The Budget \nincludes an additional $1.5 billion to fully fund the TSA pay equity initiative.  Since imple -\nmenting pay parity in July 2023, TSA has already seen an 11-percent reduction in attrition, \nand is making gains in retaining what has historically been a workforce with high turnover.'), Document(id='6c5ad135-c29b-4e3f-a6bf-d162f4e42fa3', metadata={'author': 'Office of Management and Budget', 'creationdate': '2022-03-25T18:00:07-04:00', 'creator': 'Adobe InDesign 17.1 (Windows)', 'moddate': '2022-03-28T10:10:20-04:00', 'page': 75.0, 'page_label': '72', 'producer': 'Adobe PDF Library 16.0.5', 'source': './Documents/BUDGET-2023-BUD.pdf', 'subject': 'Budget of the United States Government, Fiscal Year 2023', 'title': 'Budget of the United States Government, Fiscal Year 2023', 'total_pages': 156.0, 'trapped': '/False'}, page_content='to their peers in the Federal workforce.  By establishing salary parity with other Federal em-\nployees, the Budget addresses retention issues faced by the Transportation Security Officer \nworkforce, improving service delivery.  The Budget also supports expanding TSA workforce \naccess to labor benefits such as collective bargaining and merit systems protection.  These en-\nhancements support the President’s commitment to fostering diversity, equity, and inclusion \nin the Federal workforce.\n• Ensures a Safe, Humane, and Efficient Immigration System.   The Administration is \ncommitted to ensuring the U.S. Citizenship and Immigration Services (USCIS) meets its mis-\nsion administering the Nation’s lawful immigration system and safeguarding its integrity and \npromise by efficiently and fairly adjudicating requests for immigration benefits.  The Budget \nprovides $765 million in discretionary funding for USCIS to:  efficiently process increasing'), Document(id='be639102-8ed7-4382-81ba-d443add88761', metadata={'author': 'Office of Management and Budget', 'creationdate': '2022-03-25T18:00:07-04:00', 'creator': 'Adobe InDesign 17.1 (Windows)', 'moddate': '2022-03-28T10:10:20-04:00', 'page': 75.0, 'page_label': '72', 'producer': 'Adobe PDF Library 16.0.5', 'source': './Documents/BUDGET-2023-BUD.pdf', 'subject': 'Budget of the United States Government, Fiscal Year 2023', 'title': 'Budget of the United States Government, Fiscal Year 2023', 'total_pages': 156.0, 'trapped': '/False'}, page_content='in research and development infrastructure, providing $89 million to improve and modernize \nlaboratories in the DHS Science and Technology Directorate (S&T).  This funding would allow \nS&T to replace and enhance mission-critical equipment, make necessary information technol-\nogy improvements, and allow DHS to construct the Detection Sciences Testing and Applied \nResearch Center, which would enable DHS to more efficiently and effectively test and evaluate \nthreat screening devices and counter homemade explosives to further secure transportation \nsystems and other public venues.\n• Modernizes Transportation Security Administration (TSA) Pay and Workforce \nPolicies.  The Budget provides a total of $7.1 billion for TSA pay and benefits, an increase of \n$1.6 billion from the 2021 enacted level, to compensate TSA employees at rates comparable \nto their peers in the Federal workforce.  By establishing salary parity with other Federal em-')]","The context does not provide any information about how the 2024 Budget supports American manufacturing, so I cannot answer this question from the provided context.","<think>
Okay, so I need to figure out how the 2024 Budget supports American manufacturing based on the provided context. Let me go through each document and see what they mention about manufacturing.

First, looking at Document id 'c2857b51-9da3-4a08-9fb9-5f284759eee3', it's about the 2023 Budget. The page content talks about flood hazard mapping and funding for the National Biodefense Strategy, but I don't see any mention of manufacturing or American manufacturing specifically.

Next, Document id '5868dedd-8a06-4bd8-bbc1-9a28eae0c53e' is the 2025 Budget. It mentions modernizing TSA pay and workforce policies with an additional $1.5 billion to fund pay equity. This could indirectly support manufacturing by ensuring fair compensation for workers, but it's not directly about manufacturing itself.

Then, Document id '6c5ad135-c29b-4e3f-a6bf-d162f4e42fa3' is the 2023 Budget again. It talks about salary parity with other Federal employees and expanding TSA benefits, which might indirectly support manufacturing by ensuring fair compensation.

Lastly, Document id 'be639102-8ed7-4382-81ba-d443add88761' is the 2023 Budget as well. It mentions modernizing transportation security officers' pay and benefits, which again could support fair compensation but not specifically manufacturing.

Wait, maybe I missed something. Let me check if any of these budgets mention anything about manufacturing or American manufacturing specifically. Scanning through each document, none of them directly talk about manufacturing programs or initiatives. They focus more on funding for federal agencies like TSA and possibly infrastructure improvements in transportation security.

So, based on the provided context, there's no explicit mention of how the 2024 Budget supports American manufacturing. It seems focused on other areas like workforce compensation and federal agency policies.
</think>

Based on the provided context, there is no explicit mention of how the 2024 Budget specifically supports American manufacturing. The documents focus on funding for federal agencies such as the Transportation Security Administration (TSA) and infrastructure improvements in transportation security. While they may indirectly support fair compensation through salary parity and benefits, they do not directly address manufacturing or American manufacturing initiatives.

**Answer:** The 2024 Budget does not explicitly mention how it supports American manufacturing. It focuses on funding for federal agencies like the Transportation Security Administration (TSA) and infrastructure improvements in transportation security.","No relevant information was found regarding how the 2024 Budget supports American manufacturing. The provided context appears to focus on various aspects of the U.S. budget, including homeland security, immigration, and transportation security administration (TSA) pay and workforce policies, but does not mention anything about supporting American manufacturing."," Based on the provided context, the 2024 Budget does not seem to contain specific information about how it supports American manufacturing. The documents provided focus on topics such as climate resilience, biodefense strategy, TSA pay and workforce policies, immigration system improvements, and research and development infrastructure. If you have more context or a different document related to the 2024 Budget that discusses American manufacturing support, I would be happy to help you find the relevant information.","The 2024 Budget includes funding to support various FEMA grant programs aimed at building climate resilience in State and local communities, Tribes, and Territories. Additionally, the Budget allocates over $500 million for flood hazard mapping, which includes developing new data to support future flood conditions. These initiatives indirectly support American manufacturing by enhancing infrastructure resilience and preparedness, which can benefit manufacturing facilities in the face of natural disasters and climate-related challenges."
